<?xml version="1.0" encoding="UTF-8" ?>
<!DOCTYPE mapper PUBLIC "-//mybatis.org//DTD Mapper 3.0//EN" "http://mybatis.org/dtd/mybatis-3-mapper.dtd" >
<mapper namespace="com.learn.mapper.CourseTaskMapper" >
  <resultMap id="BaseResultMap" type="com.learn.pojo.CourseTask" >
    <!--
      WARNING - @mbg.generated
    -->
    <id column="course_task_id" property="courseTaskId" jdbcType="INTEGER" />
    <result column="course_id" property="courseId" jdbcType="VARCHAR" />
    <result column="title" property="title" jdbcType="VARCHAR" />
    <result column="question_list_id" property="questionListId" jdbcType="VARCHAR" />
    <result column="total_grade" property="totalGrade" jdbcType="DOUBLE" />
    <result column="status" property="status" jdbcType="INTEGER" />
    <result column="create_time" property="createTime" jdbcType="TIMESTAMP" />
    <result column="end_time" property="endTime" jdbcType="TIMESTAMP" />
  </resultMap>
</mapper>