<?xml version="1.0" encoding="UTF-8" ?>
<!DOCTYPE mapper PUBLIC "-//mybatis.org//DTD Mapper 3.0//EN" "http://mybatis.org/dtd/mybatis-3-mapper.dtd" >
<mapper namespace="com.learn.mapper.QuestionMapper" >
  <resultMap id="BaseResultMap" type="com.learn.pojo.Question" >
    <!--
      WARNING - @mbg.generated
    -->
    <id column="question_id" property="questionId" jdbcType="INTEGER" />
    <result column="question_type" property="questionType" jdbcType="INTEGER" />
    <result column="status" property="status" jdbcType="INTEGER" />
    <result column="question_source" property="questionSource" jdbcType="VARCHAR" />
    <result column="question_list_id" property="questionListId" jdbcType="INTEGER" />
    <result column="question_grade" property="questionGrade" jdbcType="INTEGER" />
    <result column="answer" property="answer" jdbcType="VARCHAR" />
    <result column="type" property="type" jdbcType="INTEGER" />
    <result column="question_desc" property="questionDesc" jdbcType="LONGVARCHAR" />
    <result column="choice" property="choice" jdbcType="LONGVARCHAR" />
  </resultMap>

  <!--查询最大的question_list_id-->
  <select id="queryMaxQuestionListId" resultType="INTEGER">
      select Max(question_list_id) as id from question
  </select>




</mapper>