<?xml version="1.0" encoding="UTF-8" ?>
<!DOCTYPE mapper PUBLIC "-//mybatis.org//DTD Mapper 3.0//EN" "http://mybatis.org/dtd/mybatis-3-mapper.dtd" >
<mapper namespace="com.learn.mapper.UserSuperMapper" >
  <resultMap id="BaseResultMap" type="com.learn.pojo.UserSuper" >
    <!--
      WARNING - @mbg.generated
    -->
    <id column="id" property="id" jdbcType="INTEGER" />
    <result column="username" property="username" jdbcType="VARCHAR" />
    <result column="password" property="password" jdbcType="VARCHAR" />
    <result column="nickname" property="nickname" jdbcType="VARCHAR" />
    <result column="sex" property="sex" jdbcType="INTEGER" />
    <result column="telephone" property="telephone" jdbcType="VARCHAR" />
    <result column="email" property="email" jdbcType="VARCHAR" />
    <result column="user_intro" property="userIntro" jdbcType="VARCHAR" />
    <result column="user_img" property="userImg" jdbcType="VARCHAR" />
    <result column="create_time" property="createTime" jdbcType="TIMESTAMP" />
    <result column="update_time" property="updateTime" jdbcType="TIMESTAMP" />
    <result column="login_time" property="loginTime" jdbcType="TIMESTAMP" />
    <result column="status" property="status" jdbcType="INTEGER" />
  </resultMap>
</mapper>