<?xml version="1.0" encoding="UTF-8" ?>
<!DOCTYPE mapper PUBLIC "-//mybatis.org//DTD Mapper 3.0//EN" "http://mybatis.org/dtd/mybatis-3-mapper.dtd" >
<mapper namespace="com.learn.mapper.UserTaskMapper" >
  <resultMap id="BaseResultMap" type="com.learn.pojo.UserTask" >
    <!--
      WARNING - @mbg.generated
    -->
    <id column="user_task_id" property="userTaskId" jdbcType="INTEGER" />
    <result column="user_id" property="userId" jdbcType="VARCHAR" />
    <result column="course_task_id" property="courseTaskId" jdbcType="INTEGER" />
    <result column="answer" property="answer" jdbcType="VARCHAR" />
    <result column="status" property="status" jdbcType="VARCHAR" />
    <result column="grade" property="grade" jdbcType="DOUBLE" />
    <result column="answer_time" property="answerTime" jdbcType="TIMESTAMP" />
  </resultMap>
</mapper>