<?xml version="1.0" encoding="UTF-8" ?>
<!DOCTYPE mapper PUBLIC "-//mybatis.org//DTD Mapper 3.0//EN" "http://mybatis.org/dtd/mybatis-3-mapper.dtd" >
<mapper namespace="com.learn.mapper.UserExperimentMapper" >
  <resultMap id="BaseResultMap" type="com.learn.pojo.UserExperiment" >
    <!--
      WARNING - @mbg.generated
    -->
    <id column="id" property="id" jdbcType="INTEGER" />
    <result column="user_id" property="userId" jdbcType="VARCHAR" />
    <result column="cour_experiment_id" property="courExperimentId" jdbcType="INTEGER" />
    <result column="desr" property="desr" jdbcType="VARCHAR" />
    <result column="score" property="score" jdbcType="DOUBLE" />
    <result column="type" property="type" jdbcType="INTEGER" />
    <result column="user_url" property="userUrl" jdbcType="VARCHAR" />
    <result column="comment" property="comment" jdbcType="VARCHAR" />
    <result column="create_time" property="createTime" jdbcType="TIMESTAMP" />
    <result column="up_time" property="upTime" jdbcType="TIMESTAMP" />
    <result column="update_time" property="updateTime" jdbcType="TIMESTAMP" />
    <result column="status" property="status" jdbcType="INTEGER" />
  </resultMap>
</mapper>