<?xml version="1.0" encoding="UTF-8" ?>
<!DOCTYPE mapper PUBLIC "-//mybatis.org//DTD Mapper 3.0//EN" "http://mybatis.org/dtd/mybatis-3-mapper.dtd" >
<mapper namespace="com.learn.mapper.UserCourseMapper" >
  <resultMap id="BaseResultMap" type="com.learn.pojo.UserCourse" >
    <!--
      WARNING - @mbg.generated
    -->
    <id column="id" property="id" jdbcType="INTEGER" />
    <result column="user_id" property="userId" jdbcType="VARCHAR" />
    <result column="course_id" property="courseId" jdbcType="VARCHAR" />
    <result column="answer" property="answer" jdbcType="VARCHAR" />
    <result column="grade" property="grade" jdbcType="DOUBLE" />
    <result column="comment" property="comment" jdbcType="VARCHAR" />
    <result column="sign" property="sign" jdbcType="VARCHAR" />
    <result column="create_time" property="createTime" jdbcType="TIMESTAMP" />
    <result column="update_time" property="updateTime" jdbcType="TIMESTAMP" />
  </resultMap>
</mapper>